mysql> select reg_no,name,dob from w.student;
+-----------+------------+------------+
| reg_no    | name       | dob        |
+-----------+------------+------------+
|  191711332|akshaya     | 2002-11-15 |
| 191711342 | kiran      | 2002-11-14 |
+-----------+------------+------------+
2 rows in set (0.00 sec)

mysql> select *from w.student where gender="f";
+--------+---------+--------+------------+-----------+----------+
| reg_no   | name    | gender | dob        | mobile_no | city     |
+--------+---------+--------+------------+-----------+----------+ |
| 191711332| akshaya | f      | 2002-11-15 |  77319231 | chirala  |
+--------+---------+--------+------------+-----------+----------+
1 rows in set (0.00 sec)

mysql> select *from w.student where gender="m";
+-----------+------------+--------+------------+-----------+---------+
| reg_no    | name       | gender | dob        | mobile_no | city    |
+-----------+------------+--------+------------+-----------+---------+
| 191711342 | kiran      | m      | 2002-11-14 |  77319232 | chirala |
+-----------+------------+--------+------------+-----------+---------+
1 rows in set (0.00 sec)

mysql> select *from w.faculty where date_of_join ;
+--------+----------+--------+------------+--------------+-----------+---------+
| fac_no | fac_name | gender | dob        | date_of_join | mobile_no | dept_no |
+--------+----------+--------+------------+--------------+-----------+---------+
|  1544  | ram      | m      | 1983-05-01 | 2020-01-01   |    7344   |       6 |
+--------+----------+--------+------------+--------------+-----------+---------+
1rows in set (0.03 sec)

mysql> select *from w.faculty where fac_name like "%am";
+--------+----------+--------+------------+--------------+-----------+---------+
| fac_no | fac_name | gender | dob        | date_of_join | mobile_no | dept_no |
+--------+----------+--------+------------+--------------+-----------+---------+
| 1544  | ram      | m      | 1983-05-01 | 2020-01-01   |    7344   |       6 |
+--------+----------+--------+------------+--------------+-----------+---------+
1 rows in set (0.00 sec)

mysql> select *from w.student where name like "%ya%";
+--------+------------+--------+------------+-----------+--------+
| reg_no  | name     | gender | dob        | mobile_no | city   |
+--------+------------+--------+------------+-----------+--------+
|191711332| akshaya  | f      | 2002-11-15 |  77319231 | chirala  |
+--------+------------+--------+------------+-----------+--------+
1 row in set (0.00 sec)

mysql> select *from w.student where city like "%ala%";
+--------+------------+--------+------------+-----------+--------+
| reg_no  | name     | gender | dob        | mobile_no | city   |
+--------+------------+--------+------------+-----------+--------+
|191711332| akshaya  | f      | 2002-11-15 |  77319231 | chirala |
|191711342| kiran    | m      | 2002-11-14 |  77319232 | chirala |
+--------+------------+--------+------------+-----------+--------+
2 row in set (0.00 sec)

mysql> select name from w.student where name like "%th%";
Empty set (0.00 sec)
